Name,Choice1,Choice2,Choice3,Choice4,Choice5,Choice6
Avery Brooks,AI Tutor,Smart Scheduling Tool,Health Dashboard,Campus Navigation App,Data Insights Hub,Robotics Lab Portal
Jordan Lee,AI Tutor,Health Dashboard,Smart Scheduling Tool,Data Insights Hub,Campus Navigation App,Cybersecurity Monitor
Sam Patel,AI Tutor,Campus Navigation App,Smart Scheduling Tool,Health Dashboard,Data Insights Hub,Green Energy Tracker
Morgan Kim,AI Tutor,Data Insights Hub,Health Dashboard,Smart Scheduling Tool,Campus Navigation App,Virtual Lab Assistant
Taylor Reed,AI Tutor,Smart Scheduling Tool,Campus Navigation App,Health Dashboard,Data Insights Hub,Career Mentor Bot
Casey Nguyen,AI Tutor,Health Dashboard,Data Insights Hub,Campus Navigation App,Smart Scheduling Tool,Disaster Response Map
Riley Chen,AI Tutor,Campus Navigation App,Health Dashboard,Smart Scheduling Tool,Data Insights Hub,Accessibility Checker
Jamie Flores,AI Tutor,Data Insights Hub,Campus Navigation App,Health Dashboard,Smart Scheduling Tool,Supply Chain Optimizer
Cameron Price,AI Tutor,Smart Scheduling Tool,Health Dashboard,Campus Navigation App,Data Insights Hub,Mental Wellness Companion
Parker Diaz,AI Tutor,Campus Navigation App,Smart Scheduling Tool,Data Insights Hub,Health Dashboard,Smart Parking System
Quinn Murphy,AI Tutor,Health Dashboard,Campus Navigation App,Smart Scheduling Tool,Data Insights Hub,Language Learning Coach
Alex Rivera,AI Tutor,Data Insights Hub,Smart Scheduling Tool,Campus Navigation App,Health Dashboard,Drone Fleet Manager
Sydney Bennett,AI Tutor,Smart Scheduling Tool,Data Insights Hub,Health Dashboard,Campus Navigation App,Alumni Networking Portal
Drew Foster,AI Tutor,Campus Navigation App,Health Dashboard,Data Insights Hub,Smart Scheduling Tool,Budget Planner Pro
Harper Simmons,AI Tutor,Health Dashboard,Smart Scheduling Tool,Campus Navigation App,Data Insights Hub,Telemedicine Scheduler
Logan Ward,AI Tutor,Data Insights Hub,Campus Navigation App,Smart Scheduling Tool,Health Dashboard,AR Campus Tour
Ethan Cooper,Smart Scheduling Tool,AI Tutor,Health Dashboard,Campus Navigation App,Data Insights Hub,Food Waste Analyzer
Madison Hughes,Smart Scheduling Tool,Health Dashboard,AI Tutor,Data Insights Hub,Campus Navigation App,Research Matchmaker
Noah Richardson,Smart Scheduling Tool,Campus Navigation App,AI Tutor,Health Dashboard,Data Insights Hub,Study Group Finder
Lily Sanders,Smart Scheduling Tool,Data Insights Hub,Health Dashboard,AI Tutor,Campus Navigation App,Climate Risk Visualizer
Owen Kelly,Smart Scheduling Tool,AI Tutor,Campus Navigation App,Health Dashboard,Data Insights Hub,Robotics Lab Portal
Grace Coleman,Smart Scheduling Tool,Health Dashboard,Data Insights Hub,Campus Navigation App,AI Tutor,Cybersecurity Monitor
Benjamin Long,Smart Scheduling Tool,Campus Navigation App,Health Dashboard,AI Tutor,Data Insights Hub,Green Energy Tracker
Zoe Patterson,Smart Scheduling Tool,Data Insights Hub,AI Tutor,Campus Navigation App,Health Dashboard,Virtual Lab Assistant
Lucas Jenkins,Smart Scheduling Tool,AI Tutor,Health Dashboard,Data Insights Hub,Campus Navigation App,Career Mentor Bot
Hannah Powell,Smart Scheduling Tool,Campus Navigation App,AI Tutor,Health Dashboard,Data Insights Hub,Disaster Response Map
Mason Perry,Smart Scheduling Tool,Health Dashboard,Campus Navigation App,AI Tutor,Data Insights Hub,Accessibility Checker
Chloe Bryant,Smart Scheduling Tool,Data Insights Hub,Campus Navigation App,Health Dashboard,AI Tutor,Supply Chain Optimizer
Elijah Griffin,Smart Scheduling Tool,AI Tutor,Data Insights Hub,Campus Navigation App,Health Dashboard,Mental Wellness Companion
Natalie Russell,Smart Scheduling Tool,Campus Navigation App,Health Dashboard,Data Insights Hub,AI Tutor,Smart Parking System
Caleb Hayes,Smart Scheduling Tool,Health Dashboard,AI Tutor,Campus Navigation App,Data Insights Hub,Language Learning Coach
Stella Myers,Smart Scheduling Tool,Data Insights Hub,Campus Navigation App,AI Tutor,Health Dashboard,Drone Fleet Manager
Isaac Ford,Health Dashboard,AI Tutor,Smart Scheduling Tool,Campus Navigation App,Data Insights Hub,Alumni Networking Portal
Layla Hamilton,Health Dashboard,Smart Scheduling Tool,AI Tutor,Data Insights Hub,Campus Navigation App,Budget Planner Pro
Gabriel Graham,Health Dashboard,Campus Navigation App,Smart Scheduling Tool,AI Tutor,Data Insights Hub,Telemedicine Scheduler
Aurora Sullivan,Health Dashboard,Data Insights Hub,AI Tutor,Smart Scheduling Tool,Campus Navigation App,AR Campus Tour
Jack Wallace,Health Dashboard,AI Tutor,Campus Navigation App,Smart Scheduling Tool,Data Insights Hub,Food Waste Analyzer
Nora Woods,Health Dashboard,Smart Scheduling Tool,Data Insights Hub,Campus Navigation App,AI Tutor,Research Matchmaker
Henry West,Health Dashboard,Campus Navigation App,AI Tutor,Data Insights Hub,Smart Scheduling Tool,Study Group Finder
Lucy Jordan,Health Dashboard,Data Insights Hub,Campus Navigation App,AI Tutor,Smart Scheduling Tool,Climate Risk Visualizer
Julian Owens,Health Dashboard,AI Tutor,Smart Scheduling Tool,Data Insights Hub,Campus Navigation App,Robotics Lab Portal
Paisley Reynolds,Health Dashboard,Campus Navigation App,Data Insights Hub,Smart Scheduling Tool,AI Tutor,Cybersecurity Monitor
Levi Fisher,Health Dashboard,Smart Scheduling Tool,Campus Navigation App,AI Tutor,Data Insights Hub,Green Energy Tracker
Bella Ellis,Health Dashboard,Data Insights Hub,Smart Scheduling Tool,Campus Navigation App,AI Tutor,Virtual Lab Assistant
Connor Harrison,Health Dashboard,AI Tutor,Campus Navigation App,Data Insights Hub,Smart Scheduling Tool,Career Mentor Bot
Savannah Gibson,Health Dashboard,Campus Navigation App,Smart Scheduling Tool,AI Tutor,Data Insights Hub,Disaster Response Map
Wyatt Mcdaniel,Health Dashboard,Smart Scheduling Tool,AI Tutor,Campus Navigation App,Data Insights Hub,Accessibility Checker
Claire Cruz,Health Dashboard,Data Insights Hub,Campus Navigation App,Smart Scheduling Tool,AI Tutor,Supply Chain Optimizer
Adrian Freeman,Campus Navigation App,AI Tutor,Smart Scheduling Tool,Health Dashboard,Data Insights Hub,Mental Wellness Companion
Violet Wells,Campus Navigation App,Health Dashboard,AI Tutor,Data Insights Hub,Smart Scheduling Tool,Smart Parking System
Thomas Webb,Campus Navigation App,Smart Scheduling Tool,Health Dashboard,AI Tutor,Data Insights Hub,Language Learning Coach
Naomi Simpson,Campus Navigation App,Data Insights Hub,AI Tutor,Health Dashboard,Smart Scheduling Tool,Drone Fleet Manager
Jeremiah Stevens,Campus Navigation App,AI Tutor,Health Dashboard,Smart Scheduling Tool,Data Insights Hub,Alumni Networking Portal
Elena Tucker,Campus Navigation App,Smart Scheduling Tool,Data Insights Hub,AI Tutor,Health Dashboard,Budget Planner Pro
Hudson Porter,Campus Navigation App,Health Dashboard,Smart Scheduling Tool,Data Insights Hub,AI Tutor,Telemedicine Scheduler
Maya Hunter,Campus Navigation App,Data Insights Hub,Health Dashboard,Smart Scheduling Tool,AI Tutor,AR Campus Tour
Aaron Hicks,Campus Navigation App,AI Tutor,Smart Scheduling Tool,Data Insights Hub,Health Dashboard,Food Waste Analyzer
Ruby Crawford,Campus Navigation App,Health Dashboard,AI Tutor,Smart Scheduling Tool,Data Insights Hub,Research Matchmaker
Christian Henry,Campus Navigation App,Smart Scheduling Tool,Health Dashboard,AI Tutor,Data Insights Hub,Study Group Finder
Eva Boyd,Campus Navigation App,Data Insights Hub,Smart Scheduling Tool,Health Dashboard,AI Tutor,Climate Risk Visualizer
Colton Mason,Campus Navigation App,AI Tutor,Data Insights Hub,Smart Scheduling Tool,Health Dashboard,Robotics Lab Portal
Sarah Morales,Campus Navigation App,Health Dashboard,Smart Scheduling Tool,Data Insights Hub,AI Tutor,Cybersecurity Monitor
Landon Kennedy,Campus Navigation App,Smart Scheduling Tool,AI Tutor,Health Dashboard,Data Insights Hub,Green Energy Tracker
Anna Warren,Campus Navigation App,Data Insights Hub,Health Dashboard,AI Tutor,Smart Scheduling Tool,Virtual Lab Assistant
Jason Dixon,Data Insights Hub,AI Tutor,Smart Scheduling Tool,Health Dashboard,Campus Navigation App,Career Mentor Bot
Kennedy Ramos,Data Insights Hub,Health Dashboard,AI Tutor,Campus Navigation App,Smart Scheduling Tool,Disaster Response Map
Nathan Reyes,Data Insights Hub,Campus Navigation App,Smart Scheduling Tool,AI Tutor,Health Dashboard,Accessibility Checker
Caroline Burns,Data Insights Hub,Smart Scheduling Tool,Health Dashboard,Campus Navigation App,AI Tutor,Supply Chain Optimizer
Xavier Gordon,Data Insights Hub,AI Tutor,Campus Navigation App,Health Dashboard,Smart Scheduling Tool,Mental Wellness Companion
Alice Shaw,Data Insights Hub,Health Dashboard,Smart Scheduling Tool,AI Tutor,Campus Navigation App,Smart Parking System
Brandon Holmes,Data Insights Hub,Campus Navigation App,AI Tutor,Smart Scheduling Tool,Health Dashboard,Language Learning Coach
Kinsley Rice,Data Insights Hub,Smart Scheduling Tool,Campus Navigation App,Health Dashboard,AI Tutor,Drone Fleet Manager
Dominic Robertson,Data Insights Hub,AI Tutor,Health Dashboard,Campus Navigation App,Smart Scheduling Tool,Alumni Networking Portal
Julia Hunt,Data Insights Hub,Campus Navigation App,Smart Scheduling Tool,Health Dashboard,AI Tutor,Budget Planner Pro
Micah Black,Data Insights Hub,Health Dashboard,Campus Navigation App,AI Tutor,Smart Scheduling Tool,Telemedicine Scheduler
Sophie Daniels,Robotics Lab Portal,AI Tutor,Smart Scheduling Tool,Campus Navigation App,Health Dashboard,Data Insights Hub
Carson Little,Cybersecurity Monitor,Data Insights Hub,AI Tutor,Smart Scheduling Tool,Campus Navigation App,Health Dashboard
Gianna Burton,Virtual Lab Assistant,Campus Navigation App,Health Dashboard,AI Tutor,Smart Scheduling Tool,Data Insights Hub
Roman Stanley,AR Campus Tour,Campus Navigation App,Data Insights Hub,AI Tutor,Health Dashboard,Smart Scheduling Tool
Isla Holland,Climate Risk Visualizer,Health Dashboard,Data Insights Hub,Campus Navigation App,AI Tutor,Smart Scheduling Tool
